x,y,feedback_block,subject_id
585.7874162996795,534.9212850851646,1, AE
100, 200, 4, AE
200, 300, 5, AE
300, 450, 6, AE
250, 250, 10, AE
350, 450, 7, AE
