x,y,feedback_block,subject_id,noise_x,noise_y,pint_velocity_x,pint_velocity_y,friction
63.68384300102095,193.19314173628473,1,,,-0.09983679799010318,-0.09690042157862938,0.99,AN
