x,y,feedback_block,subject_id,noise_x,noise_y,pint_velocity_x,pint_velocity_y,friction
345.69328042108043,332.62962164054983,4,,,-0.08029379060505214,-0.0969585395985536,0.96,AN
