x,y,feedback_block,subject_id,noise_x,noise_y,pint_velocity_x,pint_velocity_y,friction
331.9683875182993,-293.13041364254804,1,,,-0.03806452038686138,-0.09969279148939891,0.99,AN
