x,y,feedback_block,subject_id
670.6307647946253,586.9969062195771,1,AE
235.06501099637663,233.99001211845493,1,AE
240.56854728371096,41.98966566064341,1,AE
