x,y,feedback_block,subject_id
510.0496011359521,454.9869349425993,1,AN
