x,y,feedback_block,subject_id
390.67869416464004,442.9936478259504,1,EH
